{
  "exchange": {
    "name": "kucoinfutures",
    "pair_whitelist": [
      "ADA/USDT:USDT",
      "APE/USDT:USDT",
      "AR/USDT:USDT",
      "ATOM/USDT:USDT",
      "AVAX/USDT:USDT",
      "BNB/USDT:USDT",
      "BTC/USDT:USDT",
      "CHZ/USDT:USDT",
      "CRO/USDT:USDT",
      "DC/USDT:USDT",
      "DOGE/USDT:USDT",
      "DYDX/USDT:USDT",
      "EOS/USDT:USDT",
      "ETH/USDT:USDT",
      "FTM/USDT:USDT",
      "GMT/USDT:USDT",
      "LTC/USDT:USDT",
      "LUNC/USDT:USDT",
      "MANA/USDT:USDT",
      "MASK/USDT:USDT",
      "MATIC/USDT:USDT",
      "NEAR/USDT:USDT",
      "OP/USDT:USDT",
      "SAND/USDT:USDT",
      "SHIB/USDT:USDT",
      "TEL/USDT:USDT",
      "TRIAS/USDT:USDT",
      "TRX/USDT:USDT",
      "TWT/USDT:USDT",
      "VRA/USDT:USDT",
      "XDB/USDT:USDT",
      "XLM/USDT:USDT",
      "XMR/USDT:USDT",
      "XPR/USDT:USDT",
      "YFI/USDT:USDT",
      "ZIL/USDT:USDT"
    ]
  },
  "pairlists": [{ "method": "StaticPairList" }]
}
