{
  "exchange": {
    "name": "kraken",
    "pair_whitelist": [
      "1INCH/USD",
      "AAVE/USD",
      "ADA/USD",
      "ADX/USD",
      "AGLD/USD",
      "ALGO/USD",
      "ALICE/USD",
      "ALPHA/USD",
      "ANKR/USD",
      "ARPA/USD",
      "ATOM/USD",
      "AUDIO/USD",
      "AVAX/USD",
      "AXS/USD",
      "BADGER/USD",
      "BAND/USD",
      "BAT/USD",
      "BCH/USD",
      "BICO/USD",
      "BLZ/USD",
      "BNT/USD",
      "BOND/USD",
      "BTC/USD",
      "C98/USD",
      "CELR/USD",
      "CHR/USD",
      "CHZ/USD",
      "COMP/USD",
      "COTI/USD",
      "CRV/USD",
      "CTSI/USD",
      "DASH/USD",
      "DENT/USD",
      "DOGE/USD",
      "DOT/USD",
      "DYDX/USD",
      "EGLD/USD",
      "ENJ/USD",
      "ENS/USD",
      "EOS/USD",
      "ETC/USD",
      "ETH/USD",
      "FARM/USD",
      "FET/USD",
      "FIL/USD",
      "FIS/USD",
      "FLOW/USD",
      "FORTH/USD",
      "FTM/USD",
      "FXS/USD",
      "GALA/USD",
      "GRT/USD",
      "GTC/USD",
      "ICP/USD",
      "IDEX/USD",
      "INJ/USD",
      "KAVA/USD",
      "KEY/USD",
      "KNC/USD",
      "KP3R/USD",
      "KSM/USD",
      "LINK/USD",
      "LRC/USD",
      "LSK/USD",
      "LTC/USD",
      "LUNA/USD",
      "MANA/USD",
      "MASK/USD",
      "MATIC/USD",
      "MINA/USD",
      "MKR/USD",
      "MLN/USD",
      "MOVR/USD",
      "NEAR/USD",
      "NMR/USD",
      "OCEAN/USD",
      "OGN/USD",
      "OXT/USD",
      "PERP/USD",
      "PHA/USD",
      "POLS/USD",
      "POND/USD",
      "QNT/USD",
      "QTUM/USD",
      "RAD/USD",
      "RARE/USD",
      "RAY/USD",
      "REN/USD",
      "REQ/USD",
      "RLC/USD",
      "RNDR/USD",
      "RUNE/USD",
      "SAND/USD",
      "SHIB/USD",
      "SNX/USD",
      "SOL/USD",
      "SPELL/USD",
      "STORJ/USD",
      "STX/USD",
      "SUPER/USD",
      "SUSHI/USD",
      "TLM/USD",
      "TRU/USD",
      "TRX/USD",
      "UMA/USD",
      "UNFI/USD",
      "UNI/USD",
      "WAVES/USD",
      "XLM/USD",
      "XMR/USD",
      "XRP/USD",
      "XTZ/USD",
      "YFI/USD",
      "YGG/USD",
      "ZEC/USD",
      "ZRX/USD"
    ]
  },
  "pairlists": [{ "method": "StaticPairList" }]
}
