{
  "exchange": {
    "name": "gateio",
    "pair_whitelist": [
      "1INCH/USDT",
      "AAVE/USDT",
      "ACM/USDT",
      "ADA/USDT",
      "ADX/USDT",
      "AE/USDT",
      "AGLD/USDT",
      "AION/USDT",
      "AKRO/USDT",
      "ALCX/USDT",
      "ALGO/USDT",
      "ALICE/USDT",
      "ALPACA/USDT",
      "ALPHA/USDT",
      "AMP/USDT",
      "ANKR/USDT",
      "ANT/USDT",
      "AR/USDT",
      "ARDR/USDT",
      "ARPA/USDT",
      "ASR/USDT",
      "ATA/USDT",
      "ATM/USDT",
      "ATOM/USDT",
      "AUCTION/USDT",
      "AUDIO/USDT",
      "AVA/USDT",
      "AVAX/USDT",
      "AXS/USDT",
      "BADGER/USDT",
      "BAKE/USDT",
      "BAL/USDT",
      "BAND/USDT",
      "BAR/USDT",
      "BAT/USDT",
      "BCD/USDT",
      "BCDN/USDT",
      "BCH/USDT",
      "BCX/USDT",
      "BEL/USDT",
      "BETA/USDT",
      "BICO/USDT",
      "BLZ/USDT",
      "BNT/USDT",
      "BNTY/USDT",
      "BNX/USDT",
      "BOND/USDT",
      "BTC/USDT",
      "BTF/USDT",
      "BTG/USDT",
      "BTM/USDT",
      "BTS/USDT",
      "BURGER/USDT",
      "C98/USDT",
      "CAKE/USDT",
      "CELO/USDT",
      "CFX/USDT",
      "CHESS/USDT",
      "CHR/USDT",
      "CHZ/USDT",
      "CITY/USDT",
      "CKB/USDT",
      "CLV/USDT",
      "COMP/USDT",
      "COS/USDT",
      "COTI/USDT",
      "CRV/USDT",
      "CTK/USDT",
      "CTSI/USDT",
      "CTXC/USDT",
      "CVC/USDT",
      "CVP/USDT",
      "CVX/USDT",
      "DAI/USDT",
      "DAR/USDT",
      "DASH/USDT",
      "DATA/USDT",
      "DCR/USDT",
      "DEGO/USDT",
      "DENT/USDT",
      "DEXE/USDT",
      "DF/USDT",
      "DGB/USDT",
      "DIA/USDT",
      "DOCK/USDT",
      "DODO/USDT",
      "DOGE/USDT",
      "DOT/USDT",
      "DPY/USDT",
      "DREP/USDT",
      "DUSK/USDT",
      "DYDX/USDT",
      "EGLD/USDT",
      "ELF/USDT",
      "ENJ/USDT",
      "ENS/USDT",
      "EOS/USDT",
      "ERN/USDT",
      "ETC/USDT",
      "ETH/USDT",
      "FARM/USDT",
      "FET/USDT",
      "FIDA/USDT",
      "FIL/USDT",
      "FIO/USDT",
      "FIRO/USDT",
      "FIS/USDT",
      "FLM/USDT",
      "FLOW/USDT",
      "FLUX/USDT",
      "FOR/USDT",
      "FORTH/USDT",
      "FRONT/USDT",
      "FTM/USDT",
      "FUN/USDT",
      "FXS/USDT",
      "GALA/USDT",
      "GAS/USDT",
      "GHST/USDT",
      "GNO/USDT",
      "GOD/USDT",
      "GRT/USDT",
      "GTC/USDT",
      "HARD/USDT",
      "HBAR/USDT",
      "HIGH/USDT",
      "HIVE/USDT",
      "HOT/USDT",
      "ICP/USDT",
      "ICX/USDT",
      "IDEX/USDT",
      "ILV/USDT",
      "INJ/USDT",
      "INK/USDT",
      "IOST/USDT",
      "IOTA/USDT",
      "IOTX/USDT",
      "IRIS/USDT",
      "JASMY/USDT",
      "JOE/USDT",
      "JST/USDT",
      "JUV/USDT",
      "KAVA/USDT",
      "KEY/USDT",
      "KLAY/USDT",
      "KMD/USDT",
      "KNC/USDT",
      "KP3R/USDT",
      "KSM/USDT",
      "LAZIO/USDT",
      "LINA/USDT",
      "LINK/USDT",
      "LIT/USDT",
      "LPT/USDT",
      "LRC/USDT",
      "LSK/USDT",
      "LTC/USDT",
      "LTO/USDT",
      "LUNA/USDT",
      "MANA/USDT",
      "MASK/USDT",
      "MATIC/USDT",
      "MBL/USDT",
      "MBOX/USDT",
      "MDA/USDT",
      "MDS/USDT",
      "MDT/USDT",
      "MDX/USDT",
      "MINA/USDT",
      "MKR/USDT",
      "MLN/USDT",
      "MOVR/USDT",
      "MTL/USDT",
      "NAS/USDT",
      "NEAR/USDT",
      "NEO/USDT",
      "NKN/USDT",
      "NULS/USDT",
      "OCEAN/USDT",
      "OG/USDT",
      "OGN/USDT",
      "OM/USDT",
      "OMG/USDT",
      "ONE/USDT",
      "ONG/USDT",
      "ONT/USDT",
      "OOKI/USDT",
      "ORN/USDT",
      "OXT/USDT",
      "PAXG/USDT",
      "PAY/USDT",
      "PEOPLE/USDT",
      "PERL/USDT",
      "PERP/USDT",
      "PHA/USDT",
      "PLA/USDT",
      "PNT/USDT",
      "POLS/USDT",
      "POND/USDT",
      "PORTO/USDT",
      "POWR/USDT",
      "PPT/USDT",
      "PSG/USDT",
      "PST/USDT",
      "PUNDIX/USDT",
      "PYR/USDT",
      "QASH/USDT",
      "QBT/USDT",
      "QI/USDT",
      "QNT/USDT",
      "QSP/USDT",
      "QTUM/USDT",
      "QUICK/USDT",
      "RAD/USDT",
      "RARE/USDT",
      "RAY/USDT",
      "RCN/USDT",
      "RDN/USDT",
      "REEF/USDT",
      "REN/USDT",
      "REQ/USDT",
      "RIF/USDT",
      "RLC/USDT",
      "RNDR/USDT",
      "ROSE/USDT",
      "RSR/USDT",
      "RUNE/USDT",
      "RVN/USDT",
      "SAND/USDT",
      "SANTOS/USDT",
      "SC/USDT",
      "SFP/USDT",
      "SHIB/USDT",
      "SKL/USDT",
      "SLP/USDT",
      "SMT/USDT",
      "SNT/USDT",
      "SNX/USDT",
      "SOL/USDT",
      "SPELL/USDT",
      "STMX/USDT",
      "STORJ/USDT",
      "STPT/USDT",
      "STRAX/USDT",
      "STX/USDT",
      "SUN/USDT",
      "SUPER/USDT",
      "SUSHI/USDT",
      "SXP/USDT",
      "SYS/USDT",
      "TFUEL/USDT",
      "THETA/USDT",
      "TKO/USDT",
      "TLM/USDT",
      "TRB/USDT",
      "TROY/USDT",
      "TRU/USDT",
      "TRX/USDT",
      "TSL/USDT",
      "TVK/USDT",
      "TWT/USDT",
      "UMA/USDT",
      "UNFI/USDT",
      "UNI/USDT",
      "UTK/USDT",
      "VET/USDT",
      "VGX/USDT",
      "VIDT/USDT",
      "VITE/USDT",
      "VOXEL/USDT",
      "VTHO/USDT",
      "WAN/USDT",
      "WAVES/USDT",
      "WAXP/USDT",
      "WIN/USDT",
      "WING/USDT",
      "WNXM/USDT",
      "WRX/USDT",
      "WTC/USDT",
      "XEC/USDT",
      "XEM/USDT",
      "XLM/USDT",
      "XMR/USDT",
      "XRP/USDT",
      "XTZ/USDT",
      "XVG/USDT",
      "XVS/USDT",
      "YFI/USDT",
      "YGG/USDT",
      "ZEC/USDT",
      "ZEN/USDT",
      "ZIL/USDT",
      "ZRX/USDT",
      "ZSC/USDT"
    ]
  },
  "pairlists": [{ "method": "StaticPairList" }]
}
