{
  "exchange": {
    "name": "okx",
    "pair_whitelist": [
      "1INCH/USDT",
      "AAVE/USDT",
      "ACA/USDT",
      "ACE/USDT",
      "ACH/USDT",
      "ADA/USDT",
      "AERGO/USDT",
      "AEVO/USDT",
      "AGLD/USDT",
      "ALCX/USDT",
      "ALGO/USDT",
      "ALPHA/USDT",
      "APE/USDT",
      "API3/USDT",
      "APT/USDT",
      "AR/USDT",
      "ARB/USDT",
      "ARG/USDT",
      "ARKM/USDT",
      "ARTY/USDT",
      "AST/USDT",
      "ASTR/USDT",
      "ATH/USDT",
      "ATOM/USDT",
      "AUCTION/USDT",
      "AVAX/USDT",
      "AVIVE/USDT",
      "AXS/USDT",
      "BADGER/USDT",
      "BAL/USDT",
      "BAND/USDT",
      "BAT/USDT",
      "BCH/USDT",
      "BETH/USDT",
      "BICO/USDT",
      "BIGTIME/USDT",
      "BLOCK/USDT",
      "BLUR/USDT",
      "BNB/USDT",
      "BNT/USDT",
      "BOME/USDT",
      "BONE/USDT",
      "BONK/USDT",
      "BORA/USDT",
      "BORING/USDT",
      "BSV/USDT",
      "BTC/USDT",
      "BTT/USDT",
      "BZZ/USDT",
      "CEEK/USDT",
      "CELO/USDT",
      "CELR/USDT",
      "CETUS/USDT",
      "CFG/USDT",
      "CFX/USDT",
      "CHZ/USDT",
      "CITY/USDT",
      "CLV/USDT",
      "COMP/USDT",
      "CORE/USDT",
      "CRO/USDT",
      "CRV/USDT",
      "CSPR/USDT",
      "CTC/USDT",
      "CTXC/USDT",
      "CVC/USDT",
      "CVX/USDT",
      "CXT/USDT",
      "DAI/USDT",
      "DAO/USDT",
      "DEGEN/USDT",
      "DEP/USDT",
      "DGB/USDT",
      "DIA/USDT",
      "DMAIL/USDT",
      "DOGE/USDT",
      "DOGS/USDT",
      "DORA/USDT",
      "DOT/USDT",
      "DYDX/USDT",
      "EGLD/USDT",
      "ELF/USDT",
      "ELON/USDT",
      "ENJ/USDT",
      "ENS/USDT",
      "EOS/USDT",
      "ERN/USDT",
      "ETC/USDT",
      "ETH/USDT",
      "ETHFI/USDT",
      "ETHW/USDT",
      "FET/USDT",
      "FIL/USDT",
      "FLM/USDT",
      "FLOKI/USDT",
      "FLOW/USDT",
      "FLR/USDT",
      "FORTH/USDT",
      "FOXY/USDT",
      "FRONT/USDT",
      "FTM/USDT",
      "FXS/USDT",
      "G/USDT",
      "GALA/USDT",
      "GALFT/USDT",
      "GAS/USDT",
      "GEAR/USDT",
      "GFT/USDT",
      "GHST/USDT",
      "GLM/USDT",
      "GLMR/USDT",
      "GMT/USDT",
      "GMX/USDT",
      "GOAL/USDT",
      "GODS/USDT",
      "GOG/USDT",
      "GPT/USDT",
      "GRT/USDT",
      "HBAR/USDT",
      "ICE/USDT",
      "ICP/USDT",
      "ICX/USDT",
      "ID/USDT",
      "ILV/USDT",
      "IMX/USDT",
      "INJ/USDT",
      "IOST/USDT",
      "IOTA/USDT",
      "IQ/USDT",
      "JOE/USDT",
      "JPG/USDT",
      "JST/USDT",
      "JTO/USDT",
      "JUP/USDT",
      "KAN/USDT",
      "KDA/USDT",
      "KINE/USDT",
      "KLAY/USDT",
      "KNC/USDT",
      "KP3R/USDT",
      "KSM/USDT",
      "LAMB/USDT",
      "LAT/USDT",
      "LBR/USDT",
      "LDO/USDT",
      "LEASH/USDT",
      "LEO/USDT",
      "LINK/USDT",
      "LITH/USDT",
      "LON/USDT",
      "LOOKS/USDT",
      "LPT/USDT",
      "LQTY/USDT",
      "LRC/USDT",
      "LSK/USDT",
      "LTC/USDT",
      "LUNA/USDT",
      "LUNC/USDT",
      "MAGIC/USDT",
      "MANA/USDT",
      "MASK/USDT",
      "MATIC/USDT",
      "MAX/USDT",
      "MDT/USDT",
      "MEME/USDT",
      "MENGO/USDT",
      "MERL/USDT",
      "METIS/USDT",
      "MEW/USDT",
      "MINA/USDT",
      "MKR/USDT",
      "MLN/USDT",
      "MOVR/USDT",
      "MXC/USDT",
      "MYRIA/USDT",
      "NEAR/USDT",
      "NEO/USDT",
      "NFT/USDT",
      "NMR/USDT",
      "NOT/USDT",
      "NULS/USDT",
      "OAS/USDT",
      "OKB/USDT",
      "OKT/USDT",
      "OM/USDT",
      "OMI/USDT",
      "ONDO/USDT",
      "ONE/USDT",
      "ONT/USDT",
      "OP/USDT",
      "ORB/USDT",
      "ORBS/USDT",
      "ORDI/USDT",
      "OXT/USDT",
      "PEOPLE/USDT",
      "PEPE/USDT",
      "PERP/USDT",
      "PHA/USDT",
      "PIXEL/USDT",
      "POL/USDT",
      "POR/USDT",
      "PRCL/USDT",
      "PRQ/USDT",
      "PSTAKE/USDT",
      "PYTH/USDT",
      "QTUM/USDT",
      "RACA/USDT",
      "RADAR/USDT",
      "RAY/USDT",
      "RDNT/USDT",
      "REN/USDT",
      "RENDER/USDT",
      "REVV/USDT",
      "RIO/USDT",
      "RON/USDT",
      "RPL/USDT",
      "RSR/USDT",
      "RSS3/USDT",
      "RUNECOIN/USDT",
      "RVN/USDT",
      "SAFE/USDT",
      "SAMO/USDT",
      "SAND/USDT",
      "SATS/USDT",
      "SC/USDT",
      "SD/USDT",
      "SHIB/USDT",
      "SIS/USDT",
      "SKL/USDT",
      "SLERF/USDT",
      "SLP/USDT",
      "SNT/USDT",
      "SNX/USDT",
      "SOL/USDT",
      "SPURS/USDT",
      "SSV/USDT",
      "SSWP/USDT",
      "STC/USDT",
      "STETH/USDT",
      "STORJ/USDT",
      "STRK/USDT",
      "STX/USDT",
      "SUI/USDT",
      "SUSHI/USDT",
      "SWEAT/USDT",
      "SWFTC/USDT",
      "T/USDT",
      "TAKI/USDT",
      "THETA/USDT",
      "TIA/USDT",
      "TNSR/USDT",
      "TON/USDT",
      "TRA/USDT",
      "TRB/USDT",
      "TRX/USDT",
      "TURBO/USDT",
      "ULTI/USDT",
      "UMA/USDT",
      "UNI/USDT",
      "USTC/USDT",
      "UTK/USDT",
      "UXLINK/USDT",
      "VELA/USDT",
      "VELO/USDT",
      "VELODROME/USDT",
      "VENOM/USDT",
      "VRA/USDT",
      "W/USDT",
      "WAXP/USDT",
      "WBTC/USDT",
      "WIF/USDT",
      "WIFI/USDT",
      "WINTOKEN/USDT",
      "WLD/USDT",
      "WOO/USDT",
      "WSM/USDT",
      "WXT/USDT",
      "XAUT/USDT",
      "XCH/USDT",
      "XLM/USDT",
      "XNO/USDT",
      "XR/USDT",
      "XRP/USDT",
      "XTZ/USDT",
      "YFI/USDT",
      "YGG/USDT",
      "ZBCN/USDT",
      "ZENT/USDT",
      "ZERO/USDT",
      "ZETA/USDT",
      "ZEUS/USDT",
      "ZIL/USDT",
      "ZK/USDT",
      "ZKJ/USDT",
      "ZRO/USDT",
      "ZRX/USDT"
    ]
  },
  "pairlists": [
    {
      "method": "StaticPairList"
    }
  ]
}
