{
  "exchange": {
    "name": "kucoin",
    "pair_whitelist": [
      "AAVE/USDT",
      "ADA/USDT",
      "AKRO/USDT",
      "ALEPH/USDT",
      "ALGO/USDT",
      "AMPL/USDT",
      "ARPA/USDT",
      "ATOM/USDT",
      "AVA/USDT",
      "BCH/USDT",
      "BNB/USDT",
      "BTC/USDT",
      "BTT/USDT",
      "CHR/USDT",
      "CKB/USDT",
      "COMP/USDT",
      "COTI/USDT",
      "CRO/USDT",
      "DAG/USDT",
      "DASH/USDT",
      "DEGO/USDT",
      "DGB/USDT",
      "DIA/USDT",
      "DOT/USDT",
      "EOS/USDT",
      "ETC/USDT",
      "ETH/USDT",
      "EWT/USDT",
      "FIL/USDT",
      "GRT/USDT",
      "JST/USDT",
      "KAI/USDT",
      "KCS/USDT",
      "KSM/USDT",
      "LINK/USDT",
      "LTC/USDT",
      "MKR/USDT",
      "MLK/USDT",
      "NEO/USDT",
      "NIM/USDT",
      "NWC/USDT",
      "ONE/USDT",
      "ONT/USDT",
      "ORN/USDT",
      "PLU/USDT",
      "PRE/USDT",
      "ROSE/USDT",
      "SNX/USDT",
      "STX/USDT",
      "SXP/USDT",
      "TEL/USDT",
      "TRX/USDT",
      "UMA/USDT",
      "UNI/USDT",
      "UOS/USDT",
      "USDJ/USDT",
      "VELO/USDT",
      "VET/USDT",
      "VIDT/USDT",
      "VRA/USDT",
      "WAVES/USDT",
      "WIN/USDT",
      "XEM/USDT",
      "XLM/USDT",
      "XRP/USDT",
      "XTZ/USDT",
      "YFI/USDT",
      "ZEC/USDT"
    ]
  },
  "pairlists": [{ "method": "StaticPairList" }]
}
