{
  "exchange": {
    "name": "okx",
    "pair_whitelist": [
      "1INCH/USDT:USDT",
      "AAVE/USDT:USDT",
      "ACE/USDT:USDT",
      "ACH/USDT:USDT",
      "ADA/USDT:USDT",
      "AEVO/USDT:USDT",
      "AGLD/USDT:USDT",
      "ALGO/USDT:USDT",
      "ALPHA/USDT:USDT",
      "APE/USDT:USDT",
      "API3/USDT:USDT",
      "APT/USDT:USDT",
      "AR/USDT:USDT",
      "ARB/USDT:USDT",
      "ATH/USDT:USDT",
      "ATOM/USDT:USDT",
      "AUCTION/USDT:USDT",
      "AVAX/USDT:USDT",
      "AXS/USDT:USDT",
      "BADGER/USDT:USDT",
      "BAL/USDT:USDT",
      "BAND/USDT:USDT",
      "BAT/USDT:USDT",
      "BCH/USDT:USDT",
      "BICO/USDT:USDT",
      "BIGTIME/USDT:USDT",
      "BLUR/USDT:USDT",
      "BNB/USDT:USDT",
      "BNT/USDT:USDT",
      "BOME/USDT:USDT",
      "BONE/USDT:USDT",
      "BONK/USDT:USDT",
      "BRETT/USDT:USDT",
      "BSV/USDT:USDT",
      "BTC/USDT:USDT",
      "CAT/USDT:USDT",
      "CELO/USDT:USDT",
      "CETUS/USDT:USDT",
      "CFX/USDT:USDT",
      "CHZ/USDT:USDT",
      "COMP/USDT:USDT",
      "CORE/USDT:USDT",
      "CRO/USDT:USDT",
      "CRV/USDT:USDT",
      "CSPR/USDT:USDT",
      "CTC/USDT:USDT",
      "CVC/USDT:USDT",
      "CVX/USDT:USDT",
      "DGB/USDT:USDT",
      "DOGE/USDT:USDT",
      "DOGS/USDT:USDT",
      "DOT/USDT:USDT",
      "DYDX/USDT:USDT",
      "EGLD/USDT:USDT",
      "ENJ/USDT:USDT",
      "ENS/USDT:USDT",
      "EOS/USDT:USDT",
      "ETC/USDT:USDT",
      "ETH/USDT:USDT",
      "ETHFI/USDT:USDT",
      "ETHW/USDT:USDT",
      "FIL/USDT:USDT",
      "FLM/USDT:USDT",
      "FLOKI/USDT:USDT",
      "FLOW/USDT:USDT",
      "FLR/USDT:USDT",
      "FOXY/USDT:USDT",
      "FTM/USDT:USDT",
      "FXS/USDT:USDT",
      "GALA/USDT:USDT",
      "GAS/USDT:USDT",
      "GFT/USDT:USDT",
      "GLM/USDT:USDT",
      "GMT/USDT:USDT",
      "GMX/USDT:USDT",
      "GODS/USDT:USDT",
      "GPT/USDT:USDT",
      "GRT/USDT:USDT",
      "HBAR/USDT:USDT",
      "ICP/USDT:USDT",
      "ICX/USDT:USDT",
      "ID/USDT:USDT",
      "IMX/USDT:USDT",
      "INJ/USDT:USDT",
      "IOST/USDT:USDT",
      "IOTA/USDT:USDT",
      "JOE/USDT:USDT",
      "JST/USDT:USDT",
      "JTO/USDT:USDT",
      "JUP/USDT:USDT",
      "KLAY/USDT:USDT",
      "KNC/USDT:USDT",
      "KSM/USDT:USDT",
      "LDO/USDT:USDT",
      "LINK/USDT:USDT",
      "LOOKS/USDT:USDT",
      "LPT/USDT:USDT",
      "LQTY/USDT:USDT",
      "LRC/USDT:USDT",
      "LSK/USDT:USDT",
      "LTC/USDT:USDT",
      "LUNA/USDT:USDT",
      "LUNC/USDT:USDT",
      "MAGIC/USDT:USDT",
      "MANA/USDT:USDT",
      "MASK/USDT:USDT",
      "MAX/USDT:USDT",
      "MEME/USDT:USDT",
      "MERL/USDT:USDT",
      "METIS/USDT:USDT",
      "MEW/USDT:USDT",
      "MINA/USDT:USDT",
      "MKR/USDT:USDT",
      "MOVR/USDT:USDT",
      "NEAR/USDT:USDT",
      "NEIROETH/USDT:USDT",
      "NEO/USDT:USDT",
      "NFT/USDT:USDT",
      "NMR/USDT:USDT",
      "NOT/USDT:USDT",
      "OM/USDT:USDT",
      "ONDO/USDT:USDT",
      "ONE/USDT:USDT",
      "ONT/USDT:USDT",
      "OP/USDT:USDT",
      "ORBS/USDT:USDT",
      "ORDI/USDT:USDT",
      "PEOPLE/USDT:USDT",
      "PEPE/USDT:USDT",
      "PERP/USDT:USDT",
      "POPCAT/USDT:USDT",
      "PRCL/USDT:USDT",
      "PYTH/USDT:USDT",
      "QTUM/USDT:USDT",
      "RACA/USDT:USDT",
      "RAY/USDT:USDT",
      "RDNT/USDT:USDT",
      "RENDER/USDT:USDT",
      "RON/USDT:USDT",
      "RSR/USDT:USDT",
      "RVN/USDT:USDT",
      "SAND/USDT:USDT",
      "SHIB/USDT:USDT",
      "SLP/USDT:USDT",
      "SNX/USDT:USDT",
      "SOL/USDT:USDT",
      "SSV/USDT:USDT",
      "STORJ/USDT:USDT",
      "STRK/USDT:USDT",
      "STX/USDT:USDT",
      "SUI/USDT:USDT",
      "SUSHI/USDT:USDT",
      "SWEAT/USDT:USDT",
      "T/USDT:USDT",
      "THETA/USDT:USDT",
      "TIA/USDT:USDT",
      "TNSR/USDT:USDT",
      "TON/USDT:USDT",
      "TRB/USDT:USDT",
      "TRX/USDT:USDT",
      "TURBO/USDT:USDT",
      "ULTI/USDT:USDT",
      "UMA/USDT:USDT",
      "UNI/USDT:USDT",
      "USTC/USDT:USDT",
      "UXLINK/USDT:USDT",
      "VELO/USDT:USDT",
      "VRA/USDT:USDT",
      "W/USDT:USDT",
      "WAXP/USDT:USDT",
      "WIF/USDT:USDT",
      "WLD/USDT:USDT",
      "WOO/USDT:USDT",
      "XCH/USDT:USDT",
      "XLM/USDT:USDT",
      "XRP/USDT:USDT",
      "XTZ/USDT:USDT",
      "YFI/USDT:USDT",
      "YGG/USDT:USDT",
      "ZENT/USDT:USDT",
      "ZERO/USDT:USDT",
      "ZETA/USDT:USDT",
      "ZEUS/USDT:USDT",
      "ZIL/USDT:USDT",
      "ZK/USDT:USDT",
      "ZRO/USDT:USDT",
      "ZRX/USDT:USDT"
    ]
  },
  "pairlists": [
    {
      "method": "StaticPairList"
    }
  ]
}
