{
  "pairlists": [
    {
      "method": "VolumePairList",
      "number_assets": 100,
      "sort_key": "quoteVolume",
      "refresh_period": 1800
    },
    { "method": "FullTradesFilter" },
    { "method": "AgeFilter", "min_days_listed": 30 },
    {
      "method": "PriceFilter",
      "low_price_ratio": 0.003
    },
    {
      "method": "SpreadFilter",
      "max_spread_ratio": 0.005
    },
    // {
    //   "method": "RangeStabilityFilter",
    //   "lookback_days": 3,
    //   "min_rate_of_change": 0.03,
    //   "refresh_period": 1800
    // },
    // {
    //   "method": "VolatilityFilter",
    //   "lookback_days": 3,
    //   "min_volatility": 0.01,
    //   "max_volatility": 0.75,
    //   "refresh_period": 43200
    // },
    {
      "method": "VolumePairList",
      "number_assets": 75,
      "sort_key": "quoteVolume"
    },
    // { "method": "ShuffleFilter" }
  ]
}
