{
  "bot_name": "freqtrade",
  "stake_currency": "USDT",
  "fiat_display_currency": "USD",
  "dry_run": true,
  "cancel_open_orders_on_exit": false,
  "entry_pricing": {
    "use_order_book": true,
    "order_book_top": 1,
    "check_depth_of_market": {
      "enabled": false,
      "bids_to_ask_delta": 1
    }
  },
  "exit_pricing": {
    "use_order_book": true,
    "order_book_top": 1
  },
  "exchange": {
    "name": "bybit",
    "key": "aMWlwjd460zR6RfQib",
    "secret": "X6P8NXO5rkQKhBDso50UOH3aeLt79cJ6huLD",
    "ccxt_config": {},
    "ccxt_async_config": {},
    "pair_whitelist": []
  },
  "telegram": {
    "enabled": false,
    "token": "7965269082:AAGljYfrOzyR3T3PdhZC5dTny7-jiChtT5Q",
    "chat_id": "86186566",
    "reload": true,
    "keyboard": [
      ["/daily", "/stats", "/balance", "/profit"],
      ["/status table", "/performance"],
      ["/reload_config", "/count", "/logs"]
    ],
    "notification_settings": {
      "status": "silent",
      "protection_trigger_global": "on",
      "warning": "on",
      "startup": "off",
      "entry": "silent",
      "entry_fill": "on",
      "entry_cancel": "on",
      "exit_cancel": "on",
      "exit_fill": "on",
      "exit": {
        "roi": "silent",
        "emergency_exit": "silent",
        "force_exit": "silent",
        "exit_signal": "silent",
        "trailing_stop_loss": "silent",
        "stop_loss": "silent",
        "stoploss_on_exchange": "silent",
        "custom_exit": "silent"
      },
      "strategy_msg": "silent",
    },
    "balance_dust_level": 0.01
  },
  "api_server": {
    "enabled": true,
    "listen_ip_address": "0.0.0.0",
    "listen_port": 8080,
    "verbosity": "error",
    "enable_openapi": false,
    "jwt_secret_key": "d6213ad68093dfca81561a8e2f0f073b51d183ec238965c0ae1b16ca9ca17b9a",
    "ws_token": "co8YIswnmwGm7_qSlNIQ6Y0Pt7N-4HSqWw",
    "CORS_origins": [""],
    "username": "godwintgn",
    "password": "godwintgn"
  },

  "initial_state": "running",
  "force_entry_enable": true,
  "internals": {
    "process_throttle_secs": 5
  }
}
